username,password,account_type,active,deactivation_requested,first_name,last_name,email,phone_number,gender,date_of_birth,plan_id,camp_name
admin,111,admin,1,0,Umar,White,admin@example.com,+44 2099447101,3,23-09-1990,,
volunteer1,111,volunteer,0,0,Hannah,Martinez,volunteer1@example.com,+44 5147330304,1,04-01-1988,London_2023,Camp 1
volunteer10,111,volunteer,1,0,Bob,Lee,volunteer10@example.com,+44 6394637016,3,09-05-1996,London_2023,Camp 4
volunteer100,111,volunteer,0,0,Rachel,Allen,volunteer100@example.com,+44 2579745221,3,15-03-1987,Barcelona_2022,Camp 2
volunteer101,111,volunteer,1,0,Amelia,Robinson,volunteer101@example.com,+44 6573250116,1,10-11-1962,Barcelona_2022,Camp 2
volunteer102,111,volunteer,1,0,Walter,Williams,volunteer102@example.com,+44 3251994967,2,03-07-1997,Barcelona_2022,Camp 2
volunteer103,111,volunteer,1,0,Charlotte,Wilson,volunteer103@example.com,+44 2057842985,3,03-01-1963,Barcelona_2022,Camp 2
volunteer104,111,volunteer,1,0,Yvonne,Anderson,volunteer104@example.com,+44 1221582279,2,26-08-1955,Barcelona_2022,Camp 3
volunteer105,111,volunteer,1,0,Michael,Martinez,volunteer105@example.com,+44 8982462866,1,09-07-1984,Barcelona_2022,Camp 3
volunteer106,111,volunteer,1,0,Amelia,Jackson,volunteer106@example.com,+44 2677017786,1,07-03-1977,Barcelona_2022,Camp 3
volunteer107,111,volunteer,1,0,Bob,Miller,volunteer107@example.com,+44 3521732857,1,17-02-1973,Barcelona_2022,Camp 3
volunteer108,111,volunteer,1,0,Nora,Hernandez,volunteer108@example.com,+44 7282187544,3,03-10-1975,Barcelona_2022,Camp 3
volunteer109,111,volunteer,0,0,Edward,Garcia,volunteer109@example.com,+44 3343306619,3,17-06-1976,Barcelona_2022,Camp 4
volunteer11,111,volunteer,1,0,Ian,Allen,volunteer11@example.com,+44 4240792273,3,18-09-1999,London_2023,Camp 4
volunteer110,111,volunteer,1,0,Quentin,Hall,volunteer110@example.com,+44 7173562532,2,17-09-1981,Barcelona_2022,Camp 4
volunteer111,111,volunteer,1,0,George,Miller,volunteer111@example.com,+44 3701091175,2,02-01-1990,Barcelona_2022,Camp 4
volunteer112,111,volunteer,1,0,George,Garcia,volunteer112@example.com,+44 2005840806,1,04-12-2000,Barcelona_2022,Camp 4
volunteer113,111,volunteer,1,0,Bob,Smith,volunteer113@example.com,+44 3877767973,3,05-05-1980,Barcelona_2022,Camp 4
volunteer114,111,volunteer,1,0,Charlotte,Clark,volunteer114@example.com,+44 6042712912,1,06-04-1986,Barcelona_2022,Camp 5
volunteer115,111,volunteer,1,1,Steve,Thompson,volunteer115@example.com,+44 5499382284,3,25-01-1953,Barcelona_2022,Camp 5
volunteer116,111,volunteer,1,1,Fiona,Thomas,volunteer116@example.com,+44 3213511991,3,15-02-1958,Barcelona_2022,Camp 5
volunteer117,111,volunteer,1,0,Xena,Clark,volunteer117@example.com,+44 6030164339,2,13-07-1998,Barcelona_2022,Camp 5
volunteer118,111,volunteer,1,0,Ellen,Young,volunteer118@example.com,+44 3154865351,1,18-03-1995,Barcelona_2022,Camp 5
volunteer119,111,volunteer,1,0,Laura,Thompson,volunteer119@example.com,+44 6488565688,3,24-09-1980,Barcelona_2022,Camp 6
volunteer12,111,volunteer,1,0,Xena,Martinez,volunteer12@example.com,+44 5990096039,2,26-10-1951,London_2023,Camp 4
volunteer120,111,volunteer,1,0,Zack,Lewis,volunteer120@example.com,+44 3551149802,2,11-02-1959,Barcelona_2022,Camp 7
volunteer121,111,volunteer,0,0,Ellen,Clark,volunteer121@example.com,+44 1967546938,2,14-04-1977,Barcelona_2022,Camp 7
volunteer122,111,volunteer,1,0,Paula,Miller,volunteer122@example.com,+44 1711973167,2,02-03-1982,Barcelona_2022,Camp 7
volunteer123,111,volunteer,1,0,Oscar,Wilson,volunteer123@example.com,+44 3174789367,2,18-07-1996,Barcelona_2022,Camp 8
volunteer124,111,volunteer,1,0,Michael,Allen,volunteer124@example.com,+44 5504734926,3,13-12-1971,Barcelona_2022,Camp 8
volunteer125,111,volunteer,1,0,Tina,Rodriguez,volunteer125@example.com,+44 1549660097,2,15-01-2000,Barcelona_2022,Camp 8
volunteer126,111,volunteer,1,1,Tina,Wilson,volunteer126@example.com,+44 4530699070,3,13-11-1978,Barcelona_2022,Camp 8
volunteer127,111,volunteer,1,0,Amelia,Garcia,volunteer127@example.com,+44 5543099029,2,12-01-1989,Barcelona_2022,Camp 8
volunteer13,111,volunteer,1,1,Umar,Allen,volunteer13@example.com,+44 2719683772,2,10-11-1996,London_2023,Camp 5
volunteer14,111,volunteer,1,0,Nora,King,volunteer14@example.com,+44 1362742815,3,06-03-1989,London_2023,Camp 5
volunteer15,111,volunteer,1,0,Quentin,Davis,volunteer15@example.com,+44 2545170793,1,14-04-1959,London_2023,Camp 5
volunteer16,111,volunteer,0,0,Nora,Smith,volunteer16@example.com,+44 5278621605,1,18-06-1951,London_2023,Camp 5
volunteer17,111,volunteer,1,0,Amelia,Johnson,volunteer17@example.com,+44 5009868540,2,08-06-1996,Ukraine_2022,Camp 1
volunteer18,111,volunteer,1,0,Yvonne,Anderson,volunteer18@example.com,+44 8382683264,1,13-07-1956,Ukraine_2022,Camp 1
volunteer19,111,volunteer,0,0,Ian,White,volunteer19@example.com,+44 6727152375,3,12-07-1950,Ukraine_2022,Camp 2
volunteer2,111,volunteer,1,0,Charlie,Clark,volunteer2@example.com,+44 5601891495,2,06-05-1982,London_2023,Camp 2
volunteer20,111,volunteer,1,0,Hannah,Brown,volunteer20@example.com,+44 1424840275,1,07-10-1996,Ukraine_2022,Camp 3
volunteer21,111,volunteer,0,0,Quentin,Lee,volunteer21@example.com,+44 7144286344,2,01-03-1992,Ukraine_2022,Camp 3
volunteer22,111,volunteer,1,0,Nora,Anderson,volunteer22@example.com,+44 9198927930,3,20-04-1954,Ukraine_2022,Camp 3
volunteer23,111,volunteer,1,0,Brian,Robinson,volunteer23@example.com,+44 9388162441,2,18-10-1960,Ukraine_2022,Camp 4
volunteer24,111,volunteer,1,0,Amelia,Garcia,volunteer24@example.com,+44 3380642810,2,17-10-1963,Ukraine_2022,Camp 5
volunteer25,111,volunteer,1,0,Paula,Lee,volunteer25@example.com,+44 3813751884,3,16-12-1975,Ukraine_2022,Camp 5
volunteer26,111,volunteer,0,0,Edward,Walker,volunteer26@example.com,+44 4414142864,3,18-11-1964,Ukraine_2022,Camp 5
volunteer27,111,volunteer,1,0,Tina,Jackson,volunteer27@example.com,+44 1139417333,2,18-05-1955,Ukraine_2022,Camp 5
volunteer28,111,volunteer,1,0,Bob,Rodriguez,volunteer28@example.com,+44 3945134175,3,22-04-1965,Ukraine_2022,Camp 5
volunteer29,111,volunteer,1,0,Ian,Garcia,volunteer29@example.com,+44 7264322345,2,04-03-1958,Ukraine_2022,Camp 5
volunteer3,111,volunteer,1,0,Steve,Taylor,volunteer3@example.com,+44 9897449271,3,05-04-1985,London_2023,Camp 2
volunteer30,111,volunteer,1,0,Xena,Taylor,volunteer30@example.com,+44 5072789097,1,12-11-1996,Ukraine_2022,Camp 5
volunteer31,111,volunteer,1,0,Hannah,Harris,volunteer31@example.com,+44 1819589373,1,27-04-1979,Ukraine_2022,Camp 6
volunteer32,111,volunteer,1,0,Ian,Johnson,volunteer32@example.com,+44 5963864776,2,28-12-1971,Ukraine_2022,Camp 6
volunteer33,111,volunteer,1,0,Amelia,Jones,volunteer33@example.com,+44 8120819323,1,18-04-1990,Ukraine_2022,Camp 6
volunteer34,111,volunteer,1,0,George,Jackson,volunteer34@example.com,+44 9360823271,1,22-04-1995,Ukraine_2022,Camp 6
volunteer35,111,volunteer,1,0,Walter,Clark,volunteer35@example.com,+44 2321893746,2,09-10-1958,Ukraine_2022,Camp 6
volunteer36,111,volunteer,1,0,Nora,Miller,volunteer36@example.com,+44 3707615086,1,22-10-1968,Ukraine_2022,Camp 6
volunteer37,111,volunteer,1,0,Yvonne,Thomas,volunteer37@example.com,+44 3597926920,1,05-02-1965,Ukraine_2022,Camp 6
volunteer38,111,volunteer,1,0,Bob,White,volunteer38@example.com,+44 5395783493,3,12-04-1968,Ukraine_2022,Camp 7
volunteer39,111,volunteer,1,0,Vivian,Miller,volunteer39@example.com,+44 6703126586,2,17-10-1967,Ukraine_2022,Camp 7
volunteer4,111,volunteer,1,0,Brian,Hall,volunteer4@example.com,+44 7918230052,2,16-02-1991,London_2023,Camp 2
volunteer40,111,volunteer,1,0,Laura,Brown,volunteer40@example.com,+44 9488719865,2,08-06-1958,Ukraine_2022,Camp 7
volunteer41,111,volunteer,1,0,Oscar,Johnson,volunteer41@example.com,+44 9360990672,2,02-08-1986,Ukraine_2022,Camp 7
volunteer42,111,volunteer,0,0,Charlie,Davis,volunteer42@example.com,+44 2779970118,2,05-11-1953,Ukraine_2022,Camp 7
volunteer43,111,volunteer,1,0,Walter,Walker,volunteer43@example.com,+44 6945224219,3,04-02-1983,Ukraine_2022,Camp 7
volunteer44,111,volunteer,0,0,Michael,Garcia,volunteer44@example.com,+44 9282367108,1,15-12-1957,Ukraine_2022,Camp 7
volunteer45,111,volunteer,1,0,Diana,Garcia,volunteer45@example.com,+44 1808735783,3,15-07-1990,Osaka_2017,Camp 1
volunteer46,111,volunteer,1,0,Brian,Harris,volunteer46@example.com,+44 8300496538,1,11-09-1951,Osaka_2017,Camp 2
volunteer47,111,volunteer,1,0,George,Lee,volunteer47@example.com,+44 8389853439,1,21-03-1984,Osaka_2017,Camp 2
volunteer48,111,volunteer,1,0,Hannah,Lee,volunteer48@example.com,+44 9452749403,3,11-12-1984,Osaka_2017,Camp 2
volunteer49,111,volunteer,1,0,Brian,Johnson,volunteer49@example.com,+44 7559411997,3,18-04-1992,Osaka_2017,Camp 3
volunteer5,111,volunteer,1,0,Quentin,Martinez,volunteer5@example.com,+44 1783823555,3,23-03-1994,London_2023,Camp 2
volunteer50,111,volunteer,1,0,Diana,White,volunteer50@example.com,+44 6745603964,1,08-12-1959,Osaka_2017,Camp 3
volunteer51,111,volunteer,1,0,Bob,Martinez,volunteer51@example.com,+44 9220316511,2,12-08-1974,Osaka_2017,Camp 3
volunteer52,111,volunteer,1,0,Umar,Williams,volunteer52@example.com,+44 4623534598,3,22-01-1967,Osaka_2017,Camp 3
volunteer53,111,volunteer,0,0,Laura,Martin,volunteer53@example.com,+44 8646786597,3,26-11-1959,Osaka_2017,Camp 4
volunteer54,111,volunteer,1,0,Michael,Brown,volunteer54@example.com,+44 3657233614,1,01-03-1953,Osaka_2017,Camp 4
volunteer55,111,volunteer,1,0,Yvonne,Young,volunteer55@example.com,+44 7642830466,3,19-07-1996,Osaka_2017,Camp 4
volunteer56,111,volunteer,1,0,Tina,Smith,volunteer56@example.com,+44 7058837796,3,17-08-1981,Rio de Janeiro_2021,Camp 1
volunteer57,111,volunteer,1,1,George,White,volunteer57@example.com,+44 6190138032,2,11-02-1957,Rio de Janeiro_2021,Camp 1
volunteer58,111,volunteer,1,0,Daniel,Hernandez,volunteer58@example.com,+44 1794933046,2,02-07-1992,Rio de Janeiro_2021,Camp 1
volunteer59,111,volunteer,1,0,Rachel,King,volunteer59@example.com,+44 5231672625,2,24-04-1980,Rio de Janeiro_2021,Camp 2
volunteer6,111,volunteer,0,0,Zack,Allen,volunteer6@example.com,+44 5497525514,1,03-03-1990,London_2023,Camp 2
volunteer60,111,volunteer,0,0,Charlie,Young,volunteer60@example.com,+44 8874259098,1,08-06-1982,Rio de Janeiro_2021,Camp 2
volunteer61,111,volunteer,1,0,Amelia,Smith,volunteer61@example.com,+44 7146406066,1,23-02-1970,Rio de Janeiro_2021,Camp 2
volunteer62,111,volunteer,0,0,Bob,Thomas,volunteer62@example.com,+44 1859797750,2,08-11-1984,Rio de Janeiro_2021,Camp 2
volunteer63,111,volunteer,0,0,Zack,Garcia,volunteer63@example.com,+44 1915219700,3,04-02-1961,Rio de Janeiro_2021,Camp 3
volunteer64,111,volunteer,1,0,Ian,Garcia,volunteer64@example.com,+44 2911563650,2,23-10-1998,Rio de Janeiro_2021,Camp 3
volunteer65,111,volunteer,1,1,Ellen,Allen,volunteer65@example.com,+44 6965228095,3,16-08-1979,Rio de Janeiro_2021,Camp 3
volunteer66,111,volunteer,1,0,Diana,Davis,volunteer66@example.com,+44 9182776633,2,19-11-1988,Rio de Janeiro_2021,Camp 3
volunteer67,111,volunteer,1,0,George,Jackson,volunteer67@example.com,+44 3536806953,3,28-09-1963,Rio de Janeiro_2021,Camp 3
volunteer68,111,volunteer,1,0,George,Smith,volunteer68@example.com,+44 1446099608,3,21-02-1970,Rio de Janeiro_2021,Camp 3
volunteer69,111,volunteer,1,0,Judy,Anderson,volunteer69@example.com,+44 2945909849,2,08-06-1997,Rio de Janeiro_2021,Camp 4
volunteer7,111,volunteer,1,0,Michael,Lee,volunteer7@example.com,+44 8365352090,2,20-07-1993,London_2023,Camp 2
volunteer70,111,volunteer,1,0,Tina,Clark,volunteer70@example.com,+44 8683475896,3,28-12-1985,Rio de Janeiro_2021,Camp 5
volunteer71,111,volunteer,1,0,Diana,Miller,volunteer71@example.com,+44 2621189788,1,18-09-1982,Rio de Janeiro_2021,Camp 5
volunteer72,111,volunteer,1,0,Walter,Robinson,volunteer72@example.com,+44 8928491032,1,14-10-1990,Rio de Janeiro_2021,Camp 5
volunteer73,111,volunteer,1,0,Rachel,Garcia,volunteer73@example.com,+44 6398969014,2,14-06-1976,Rio de Janeiro_2021,Camp 5
volunteer74,111,volunteer,1,0,Brian,Davis,volunteer74@example.com,+44 5749302993,3,15-03-1987,Rio de Janeiro_2021,Camp 5
volunteer75,111,volunteer,1,0,Zack,Allen,volunteer75@example.com,+44 9957615442,2,19-03-1996,Rio de Janeiro_2021,Camp 6
volunteer76,111,volunteer,1,0,Nora,Jackson,volunteer76@example.com,+44 2449210116,2,24-02-1969,Rio de Janeiro_2021,Camp 6
volunteer77,111,volunteer,1,0,Walter,Garcia,volunteer77@example.com,+44 8057082399,2,03-03-1964,Rio de Janeiro_2021,Camp 6
volunteer78,111,volunteer,1,0,Tina,Jackson,volunteer78@example.com,+44 3172618292,2,09-08-1997,Rio de Janeiro_2021,Camp 6
volunteer79,111,volunteer,1,0,Nora,White,volunteer79@example.com,+44 2214411915,3,23-07-1974,Chicago_2022,Camp 1
volunteer8,111,volunteer,0,0,Fiona,Johnson,volunteer8@example.com,+44 8100997095,2,27-04-1998,London_2023,Camp 3
volunteer80,111,volunteer,1,0,Bob,Wilson,volunteer80@example.com,+44 2148319698,3,11-08-1994,Chicago_2022,Camp 1
volunteer81,111,volunteer,1,0,Paula,Smith,volunteer81@example.com,+44 9535376855,1,06-03-1989,Chicago_2022,Camp 2
volunteer82,111,volunteer,1,0,Xena,Hernandez,volunteer82@example.com,+44 1549064445,1,18-05-1983,Chicago_2022,Camp 2
volunteer83,111,volunteer,1,0,Xena,White,volunteer83@example.com,+44 2070335113,1,08-03-1998,Chicago_2022,Camp 2
volunteer84,111,volunteer,1,0,Judy,Thomas,volunteer84@example.com,+44 2369058772,3,13-07-1981,Chicago_2022,Camp 2
volunteer85,111,volunteer,1,0,Diana,Rodriguez,volunteer85@example.com,+44 9495047052,3,17-08-1973,Chicago_2022,Camp 3
volunteer86,111,volunteer,1,0,Bob,Harris,volunteer86@example.com,+44 8682045086,1,18-10-1996,Chicago_2022,Camp 3
volunteer87,111,volunteer,1,0,Brian,Williams,volunteer87@example.com,+44 2710013949,1,10-03-1964,Chicago_2022,Camp 3
volunteer88,111,volunteer,1,0,Hannah,Thompson,volunteer88@example.com,+44 6885914126,3,12-09-1959,Chicago_2022,Camp 4
volunteer89,111,volunteer,1,0,Steve,Anderson,volunteer89@example.com,+44 5650556416,2,24-12-1995,Chicago_2022,Camp 4
volunteer9,111,volunteer,1,0,Ian,King,volunteer9@example.com,+44 7553663469,1,12-02-1999,London_2023,Camp 4
volunteer90,111,volunteer,1,0,Michael,Brown,volunteer90@example.com,+44 7174481015,1,02-10-2000,Chicago_2022,Camp 4
volunteer91,111,volunteer,1,0,Oscar,Jones,volunteer91@example.com,+44 6074328158,1,14-02-1984,Chicago_2022,Camp 4
volunteer92,111,volunteer,0,0,Oscar,Davis,volunteer92@example.com,+44 9981097139,3,22-02-1997,Chicago_2022,Camp 4
volunteer93,111,volunteer,1,0,Rachel,Hernandez,volunteer93@example.com,+44 5675040938,3,02-02-1977,Chicago_2022,Camp 5
volunteer94,111,volunteer,1,0,Quentin,Hall,volunteer94@example.com,+44 8334003380,1,09-11-1988,Chicago_2022,Camp 5
volunteer95,111,volunteer,1,0,Oscar,Martin,volunteer95@example.com,+44 9053902674,2,27-01-1958,Chicago_2022,Camp 5
volunteer96,111,volunteer,0,0,Vivian,Thompson,volunteer96@example.com,+44 9565885582,2,09-04-1958,Chicago_2022,Camp 5
volunteer97,111,volunteer,1,0,Michael,Allen,volunteer97@example.com,+44 3273291065,3,16-12-1967,Chicago_2022,Camp 5
volunteer98,111,volunteer,1,0,Charlie,Martin,volunteer98@example.com,+44 8517442480,3,22-02-1975,Chicago_2022,Camp 5
volunteer99,111,volunteer,1,0,Hannah,King,volunteer99@example.com,+44 4521708124,3,13-01-1972,Barcelona_2022,Camp 1
